Title,Link
University of Strathclyde Diamond Jubilee Scholarship in UK 2025 | Fully Funded,https://www.scholarshipregion.com/strathclyde-diamond-jubilee-scholarship/
NNPC Agip Scholarship 2025 For Nigerians (Local & Overseas) | Fully Funded,https://www.scholarshipregion.com/nnpc-agip-scholarship/
2025 Harvard University MBA Scholarship in USA | How to Apply,https://www.scholarshipregion.com/harvard-university-mba-scholarship/
2025 Mastercard Scholarship at UP (University of Pretoria) | Fully Funded,https://www.scholarshipregion.com/mastercard-scholarship-at-up/
2025 Government of Estonia Scholarship (Estonia Degree And Exchange Program) | Step-by-Step Process,https://www.scholarshipregion.com/government-of-estonia-scholarship/
MasterCard Scholarship at Ashesi University 2025 | Fully Funded,https://www.scholarshipregion.com/mastercard-scholarship-at-ashesi-university/
2026 Eric Bleumink Scholarship in the Netherlands | Fully Funded,https://www.scholarshipregion.com/eric-bleumink-scholarship/
2025 GIST Scholarship in Korea | Fully Funded,https://www.scholarshipregion.com/gist-scholarship/
Co-funded Monash Graduate Scholarship 2025 (CF-MGS) in Australia | Fully Funded,https://www.scholarshipregion.com/co-funded-monash-graduate-scholarship-cf-mgs/
NDDC Postgraduate Scholarship 2025 For Nigerians to Study Abroad | Fully Funded,https://www.scholarshipregion.com/nddc-postgraduate-scholarship/
